,Year,State,Total in Labor Force,Total Unemployed in Civilian Labor Force
0,2022,Alabama,2398213,103239
1,2022,Alaska,386093,16484
2,2022,Arizona,3619698,153937
3,2022,Arkansas,1404190,62359
4,2022,California,20174168,1060822
5,2022,Colorado,3288975,113244
6,2022,Connecticut,1961345,92597
7,2022,Delaware,524136,22272
8,2022,District of Columbia,400108,20199
9,2022,Florida,11005548,434875
10,2022,Georgia,5562669,229718
11,2022,Hawaii,746185,25395
12,2022,Idaho,955160,28209
13,2022,Illinois,6628754,314814
14,2022,Indiana,3484005,124513
15,2022,Iowa,1712981,50381
16,2022,Kansas,1531077,54833
17,2022,Kentucky,2170852,93466
18,2022,Louisiana,2173507,116744
19,2022,Maine,722044,23593
20,2022,Maryland,3332616,130987
21,2022,Massachusetts,3878044,158146
22,2022,Michigan,5039051,234094
23,2022,Minnesota,3111888,99831
24,2022,Mississippi,1337386,64814
25,2022,Missouri,3126129,115407
26,2022,Montana,581891,17433
27,2022,Nebraska,1056773,24470
28,2022,Nevada,1628015,88495
29,2022,New Hampshire,774998,19642
30,2022,New Jersey,4971726,249523
31,2022,New Mexico,1000712,47124
32,2022,New York,10145004,517238
33,2022,North Carolina,5447108,200647
34,2022,North Dakota,424113,8993
35,2022,Ohio,5999325,222415
36,2022,Oklahoma,1940528,79711
37,2022,Oregon,2191659,93138
38,2022,Pennsylvania,6698469,287716
39,2022,Rhode Island,591365,26668
40,2022,South Carolina,2607685,111672
41,2022,South Dakota,479744,13309
42,2022,Tennessee,3558019,121523
43,2022,Texas,15376318,670914
44,2022,Utah,1791947,48008
45,2022,Vermont,356111,10013
46,2022,Virginia,4600045,161105
47,2022,Washington,4095487,163479
48,2022,West Virginia,774750,36582
49,2022,Wisconsin,3127697,86461
50,2022,Wyoming,306456,11409
51,2021,Alabama,2335486,123808
52,2021,Arizona,3544778,203756
53,2021,Arkansas,1408602,77486
54,2021,California,19961610,1649320
55,2021,Colorado,3212836,168571
56,2021,Connecticut,1950159,129633
57,2021,Delaware,492382,27140
58,2021,District of Columbia,391439,31749
59,2021,Florida,10652489,592167
60,2021,Georgia,5394701,294785
61,2021,Hawaii,739336,53237
62,2021,Idaho,937369,30858
63,2021,Illinois,6584794,482887
64,2021,Indiana,3426897,160040
65,2021,Iowa,1681087,60198
66,2021,Kansas,1520362,65475
67,2021,Kentucky,2125669,114655
68,2021,Louisiana,2143567,161765
69,2021,Maine,708906,34431
70,2021,Maryland,3304168,192275
71,2021,Massachusetts,3865417,255238
72,2021,Michigan,4966693,342848
73,2021,Minnesota,3114145,151805
74,2021,Mississippi,1325864,84002
75,2021,Missouri,3107007,142497
76,2021,Montana,554118,21876
77,2021,Nebraska,1053466,27826
78,2021,Nevada,1590604,152875
79,2021,New Hampshire,776061,27923
80,2021,New Jersey,4914835,395137
81,2021,New Mexico,967832,74721
82,2021,New York,10138385,883908
83,2021,North Carolina,5301767,300438
84,2021,North Dakota,415807,11627
85,2021,Ohio,5936933,322494
86,2021,Oklahoma,1917143,112271
87,2021,Oregon,2147998,136281
88,2021,Pennsylvania,6618867,420743
89,2021,Rhode Island,594888,45296
90,2021,South Carolina,2507997,139757
91,2021,South Dakota,466270,12923
92,2021,Tennessee,3439821,180846
93,2021,Texas,14826344,910813
94,2021,Utah,1721142,59693
95,2021,Vermont,349096,14648
96,2021,Virginia,4553835,211324
97,2021,Washington,3993077,232094
98,2021,West Virginia,771429,47941
99,2021,Wisconsin,3105191,110048
100,2021,Wyoming,301303,11171
101,2021,Alaska,376965,24603
102,2019,Mississippi,1342991,87817
103,2019,Missouri,3078235,116062
104,2019,Montana,545370,22004
105,2019,Nebraska,1049680,34133
106,2019,Nevada,1568228,79000
107,2019,New Hampshire,759931,22609
108,2019,New Jersey,4731226,220476
109,2019,New Mexico,972732,52489
110,2019,New York,10085219,445165
111,2019,North Carolina,5272092,236872
112,2019,North Dakota,424480,10920
113,2019,Ohio,5976393,272654
114,2019,Oklahoma,1895848,81705
115,2019,Oregon,2158612,107991
116,2019,Pennsylvania,6592650,295633
117,2019,Rhode Island,575681,24199
118,2019,South Carolina,2513088,116037
119,2019,South Dakota,469624,14033
120,2019,Tennessee,3387696,152373
121,2019,Texas,14574146,635077
122,2019,Vermont,343455,11552
123,2019,Utah,1656987,52422
124,2019,Virginia,4537998,175528
125,2019,Washington,3988571,179353
126,2019,West Virginia,795104,47424
127,2019,Wisconsin,3104192,98873
128,2019,Wyoming,297245,10539
129,2019,Illinois,6628213,320069
130,2019,Georgia,5308730,251981
131,2019,Idaho,881838,29127
132,2019,Hawaii,745236,27112
133,2019,Indiana,3419651,142084
134,2019,Iowa,1682701,62357
135,2019,Kansas,1533054,56737
136,2019,Kentucky,2112749,100537
137,2019,Louisiana,2179183,118011
138,2019,Maine,711235,24471
139,2019,Maryland,3279799,147356
140,2019,Massachusetts,3857469,151812
141,2019,Michigan,5010213,250252
142,2019,Minnesota,3112899,98727
143,2019,Connecticut,1937195,102571
144,2019,Florida,10500485,471449
145,2019,Alabama,2281982,111622
146,2019,Alaska,377728,20650
147,2019,Arizona,3506306,176868
148,2019,Arkansas,1398200,67142
149,2019,California,20246507,1017660
150,2019,Colorado,3182096,115497
151,2019,Delaware,494432,22631
152,2019,District of Columbia,416359,25916
153,2018,Wisconsin,3096515,98228
154,2018,Wyoming,302831,11684
155,2018,Mississippi,1336759,94796
156,2018,Missouri,3066200,127857
157,2018,Montana,545240,19003
158,2018,Nebraska,1040627,35872
159,2018,Nevada,1539795,85276
160,2018,New Hampshire,757313,26906
161,2018,New Jersey,4729209,230383
162,2018,New Mexico,941259,56803
163,2018,New York,10026845,499801
164,2018,North Carolina,5216053,254808
165,2018,North Dakota,418771,11691
166,2018,Ohio,5938035,292570
167,2018,Oklahoma,1891713,81669
168,2018,Oregon,2138616,106955
169,2018,Pennsylvania,6576258,321234
170,2018,Rhode Island,562393,30862
171,2018,South Carolina,2475682,128847
172,2018,South Dakota,470490,13845
173,2018,Tennessee,3330964,181951
174,2018,Texas,14266767,694485
175,2018,Vermont,344832,13128
176,2018,Utah,1587453,50175
177,2018,Virginia,4482124,183221
178,2018,Washington,3908438,166229
179,2018,West Virginia,788509,45639
180,2018,Alabama,2231613,124835
181,2018,Alaska,388885,25410
182,2018,Arizona,3415877,181757
183,2018,Arkansas,1382752,61872
184,2018,California,20169143,1108664
185,2018,Colorado,3138416,122498
186,2018,Delaware,489706,27858
187,2018,District of Columbia,414568,31074
188,2018,Connecticut,1936101,106371
189,2018,Florida,10316295,530845
190,2018,Georgia,5245825,249896
191,2018,Idaho,843615,33438
192,2018,Hawaii,752795,27230
193,2018,Illinois,6676623,368739
194,2018,Indiana,3391849,149266
195,2018,Iowa,1678071,60717
196,2018,Kansas,1515474,57197
197,2018,Kentucky,2117233,109879
198,2018,Louisiana,2168385,137130
199,2018,Maine,704960,24865
200,2018,Maryland,3283636,160777
201,2018,Massachusetts,3807761,180720
202,2018,Michigan,4977773,265532
203,2018,Minnesota,3080480,104622
204,2017,Mississippi,1329899,92744
205,2017,Missouri,3078317,141163
206,2017,Montana,540463,18844
207,2017,Nebraska,1048598,34967
208,2017,Nevada,1522722,90032
209,2017,New Hampshire,759219,28888
210,2017,New Jersey,4755006,252810
211,2017,New Mexico,939545,61065
212,2017,New York,10218721,560001
213,2017,North Carolina,5143222,266777
214,2017,North Dakota,426288,12307
215,2017,Ohio,5894531,303348
216,2017,Oklahoma,1874308,99619
217,2017,Oregon,2102930,107100
218,2017,Pennsylvania,6524656,345226
219,2017,Rhode Island,574161,32751
220,2017,South Carolina,2444647,139747
221,2017,South Dakota,461825,16208
222,2017,Tennessee,3311043,162289
223,2017,Texas,14001860,716417
224,2017,Vermont,339579,12759
225,2017,Utah,1564636,55695
226,2017,Virginia,4478943,200754
227,2017,Washington,3834306,186414
228,2017,West Virginia,778673,51986
229,2017,Wisconsin,3089775,107459
230,2017,Wyoming,301010,15376
231,2017,Alabama,2207208,128302
232,2017,Alaska,389858,28267
233,2017,Arizona,3337245,192721
234,2017,Arkansas,1378801,76495
235,2017,California,20064003,1178551
236,2017,Colorado,3061921,127259
237,2017,Delaware,463756,24300
238,2017,District of Columbia,408910,26726
239,2017,Connecticut,1931298,117360
240,2017,Florida,10093485,552245
241,2017,Georgia,5185489,296040
242,2017,Idaho,825230,34000
243,2017,Hawaii,753340,29762
244,2017,Illinois,6660640,407967
245,2017,Indiana,3346097,158556
246,2017,Iowa,1681435,60190
247,2017,Kansas,1516538,63084
248,2017,Kentucky,2106749,115271
249,2017,Louisiana,2180136,141608
250,2017,Maine,702420,29493
251,2017,Maryland,3294443,170419
252,2017,Massachusetts,3776331,172091
253,2017,Michigan,4949724,291020
254,2017,Minnesota,3073117,110757
